/*
 Navicat Premium Data Transfer

 Source Server         : localhost
 Source Server Type    : MySQL
 Source Server Version : 80018
 Source Host           : localhost:3306
 Source Schema         : librarymanagesystem

 Target Server Type    : MySQL
 Target Server Version : 80018
 File Encoding         : 65001

 Date: 20/06/2021 22:13:20
*/

SET NAMES utf8mb4;
SET FOREIGN_KEY_CHECKS = 0;

-- ----------------------------
-- Table structure for books
-- ----------------------------
DROP TABLE IF EXISTS `books`;
CREATE TABLE `books`  (
  `id` int(8) NULL DEFAULT NULL,
  `name` char(20) CHARACTER SET utf8 COLLATE utf8_general_ci NULL DEFAULT NULL,
  `author` char(20) CHARACTER SET utf8 COLLATE utf8_general_ci NULL DEFAULT NULL,
  `category` char(20) CHARACTER SET utf8 COLLATE utf8_general_ci NULL DEFAULT NULL,
  `introduction` varchar(200) CHARACTER SET utf8 COLLATE utf8_general_ci NULL DEFAULT NULL,
  `publishhouse` varchar(255) CHARACTER SET utf8 COLLATE utf8_general_ci NULL DEFAULT NULL,
  `indock` int(11) NULL DEFAULT NULL COMMENT 'book number left'
) ENGINE = InnoDB CHARACTER SET = utf8 COLLATE = utf8_general_ci ROW_FORMAT = Dynamic;

-- ----------------------------
-- Records of books
-- ----------------------------
INSERT INTO `books` VALUES (1001, '飞剑问道', '我吃西红柿', '仙侠', '在这个世界，有狐仙、河神、水怪、大妖，也有求长生的修行者。修行者们，开法眼，可看妖魔鬼怪。炼一口飞剑，可千里杀敌。千里眼、顺风耳，更可探查四方。……秦府二公子‘秦云’，便是一位修行', '第一出版社', 0);
INSERT INTO `books` VALUES (1002, '我是仙凡', '百里玺', '仙侠', '仙侠和种田结合。一名少年无意打开灵台，识海发现方寸灵山。从此种仙稻，养灵药，开洞府，开辟一片桃源仙境，踏上修仙之路。-------------------百里玺官方粉丝群：3328', '第一出版社', 1);
INSERT INTO `books` VALUES (1003, '斗战狂潮', '骷髅精灵', '仙侠', '双月当空，无限可能的英魂世界孤寂黑暗，神秘古怪的嬉命小丑百城联邦，三大帝国，异族横行，魂兽霸幽这是一个英雄辈出的年代，人类卧薪尝胆重掌地球主权，孕育着进军高纬度的野望！重点是……二', '第一出版社', 0);
INSERT INTO `books` VALUES (1004, '龙皇武神', '步征', '都市', '都市修仙至尊爽文！渡劫期大修士凌云魂穿都市，仙武同修，丹药、炼器，画符，布阵无所不能，以无敌之姿逆天崛起，脚踩八方！', '第一出版社', 0);
INSERT INTO `books` VALUES (1005, '太初', '高楼大厦', '玄幻', '一树生的万朵花，天下道门是一家。法术千般变化，人心却亘古不变', '第一出版社', 1);
INSERT INTO `books` VALUES (1006, '伏天氏', '净无痕', '玄幻', '东方神州，有人皇立道统，有圣贤宗门传道，有诸侯雄踞一方王国，诸强林立，神州动乱千万载，值此之时，一代天骄叶青帝及东凰大帝横空出世，斩人皇，驭圣贤，诸侯臣服，东方神州一统！然，叶青帝', '第一出版社', 1);
INSERT INTO `books` VALUES (1007, '万界天尊', '血红', '玄幻', '天为何物？高高在上，威严莫测，是法则，是戒律，是无情，是冷酷。天意，何也？俯瞰众生，操持风云，褫夺赏罚，随性而为。故，天意不可测，苍天不可近。顺之应之，未必得其利；逆之叛之，福祸却', '第一出版社', 1);
INSERT INTO `books` VALUES (1008, '苍穹之上', '石三', '仙侠', '苍穹之下的千年苦修，只为有朝一日立身于苍穹之上！位于洪武天朝和妖族七杀部咽喉要地的天断峡谷中，忽有天降神异之物，裹挟着一众修兵，滚入了浩荡的历史洪流当中……宋征只是其中不那么起眼的', '第一出版社', 1);
INSERT INTO `books` VALUES (1009, '无疆', '小刀锋利', '仙侠', '鹰击长空，鱼跃龙门，熊咆虎啸，万物皆有灵。末法之极，磁极轮转，世界变迁。曾经那个熟悉的世界，已经变得面目全非。当神话变成现实，当传说不再神秘，世界无疆，热血永恒。', '第一出版社', 1);
INSERT INTO `books` VALUES (1010, '圣墟', '辰东', '玄幻', '在破败中崛起，在寂灭中复苏。沧海成尘，雷电枯竭，那一缕幽雾又一次临近大地，世间的枷锁被打开了，一个全新的世界就此揭开神秘的一角……', '第一出版社', 1);
INSERT INTO `books` VALUES (1011, '还看今朝', '瑞根', '都市', '当扑面而来的时代巨澜把懵懵懂懂的沙正阳卷入其中时，他是随波逐流，风花雪月，还是长缨在手，逆流击波？干想干的事，为恣意人生。做该做的事，为家国情怀。一万年太久，只争朝夕！到中流击水，', '第一出版社', 1);
INSERT INTO `books` VALUES (1012, '凡人修仙之仙界篇', '忘语', '仙侠', '凡人修仙，风云再起时空穿梭，轮回逆转金仙太乙，大罗道祖三千大道，法则至尊《凡人修仙传》仙界篇，一个韩立叱咤仙界的故事，一个凡人小子修仙的不灭传说。特说明下，没有看过前传的书友，并不', '第一出版社', 1);
INSERT INTO `books` VALUES (1013, '大王饶命', '会说话的肘子', '都市', '灵气复苏的时代，寂静生活碎掉了，仿佛雷霆贯穿长空，电光直射天心，雨沙沙地落下。凡逆我们的终将死去，这就是法则。……这是一个吕树依靠毒鸡汤成为大魔王的故事。', '第一出版社', 1);
INSERT INTO `books` VALUES (1014, '汉乡', '孑与2', '历史', '我们接受了祖先的遗产，这让中华辉煌了数千年，我们是如此的心安理得，从未想过要回归那个在刀耕火种中苦苦寻找出路的时代。反哺我们苦难的祖先，并从中找到故乡的真正意义，将是本书要讲的故事', '第一出版社', 1);
INSERT INTO `books` VALUES (1015, '修真聊天群', '圣骑士的传说', '都市', '某天，宋书航意外加入了一个仙侠中二病资深患者的交流群，里面的群友们都以‘道友’相称，群名片都是各种府主、洞主、真人、天师。连群主走失的宠物犬都称为大妖犬离家出走。整天聊的是炼丹、闯', '第一出版社', 1);
INSERT INTO `books` VALUES (1016, '别玩网游', '尝谕', '都市', '新书请到这里。大家先收藏，新书发布时间待定。', '第一出版社', 1);
INSERT INTO `books` VALUES (1017, '深夜书屋', '纯洁滴小龙', '灵异', '一家只在深夜开门的书屋，欢迎您的光临。——————', '第一出版社', 1);
INSERT INTO `books` VALUES (1018, '道君', '跃千愁', '仙侠', '一个地球神级盗墓宗师，闯入修真界的故事……桃花源里，有歌声。山外青山，白骨山。五花马，千金裘，倚天剑。应我多情，啾啾鬼鸣，美人薄嗔。天地无垠，谁家旗鼓，碧落黄泉，万古高楼。为义气争', '第一出版社', 1);
INSERT INTO `books` VALUES (1019, '牧神记', '宅猪', '玄幻', '大墟的祖训说，天黑，别出门。大墟残老村的老弱病残们从江边捡到了一个婴儿，取名秦牧，含辛茹苦将他养大。这一天夜幕降临，黑暗笼罩大墟，秦牧走出了家门……做个春风中荡漾的反派吧！瞎子对他', '第一出版社', 1);
INSERT INTO `books` VALUES (1020, '儒道至圣', '永恒之火', '玄幻', '这是一个读书人掌握天地之力的世界。才气在身，诗可杀敌，词能灭军，文章安天下。秀才提笔，纸上谈兵；举人杀敌，出口成章；进士一怒，唇枪舌剑。圣人驾临，口诛笔伐，可诛人，可判天子无道，以', '第二出版社', 1);
INSERT INTO `books` VALUES (1021, '飞剑问道', '我吃西红柿', '仙侠', '在这个世界，有狐仙、河神、水怪、大妖，也有求长生的修行者。修行者们，开法眼，可看妖魔鬼怪。炼一口飞剑，可千里杀敌。千里眼、顺风耳，更可探查四方。……秦府二公子‘秦云’，便是一位修行', '第二出版社', 1);
INSERT INTO `books` VALUES (1022, '我是仙凡', '百里玺', '仙侠', '仙侠和种田结合。一名少年无意打开灵台，识海发现方寸灵山。从此种仙稻，养灵药，开洞府，开辟一片桃源仙境，踏上修仙之路。-------------------百里玺官方粉丝群：3328', '第二出版社', 1);
INSERT INTO `books` VALUES (1023, '斗战狂潮', '骷髅精灵', '仙侠', '双月当空，无限可能的英魂世界孤寂黑暗，神秘古怪的嬉命小丑百城联邦，三大帝国，异族横行，魂兽霸幽这是一个英雄辈出的年代，人类卧薪尝胆重掌地球主权，孕育着进军高纬度的野望！重点是……二', '第二出版社', 1);
INSERT INTO `books` VALUES (1024, '龙皇武神', '步征', '都市', '都市修仙至尊爽文！渡劫期大修士凌云魂穿都市，仙武同修，丹药、炼器，画符，布阵无所不能，以无敌之姿逆天崛起，脚踩八方！', '第二出版社', 1);
INSERT INTO `books` VALUES (1025, '太初', '高楼大厦', '玄幻', '一树生的万朵花，天下道门是一家。法术千般变化，人心却亘古不变', '第二出版社', 1);
INSERT INTO `books` VALUES (1026, '伏天氏', '净无痕', '玄幻', '东方神州，有人皇立道统，有圣贤宗门传道，有诸侯雄踞一方王国，诸强林立，神州动乱千万载，值此之时，一代天骄叶青帝及东凰大帝横空出世，斩人皇，驭圣贤，诸侯臣服，东方神州一统！然，叶青帝', '第二出版社', 1);
INSERT INTO `books` VALUES (1027, '万界天尊', '血红', '玄幻', '天为何物？高高在上，威严莫测，是法则，是戒律，是无情，是冷酷。天意，何也？俯瞰众生，操持风云，褫夺赏罚，随性而为。故，天意不可测，苍天不可近。顺之应之，未必得其利；逆之叛之，福祸却', '第二出版社', 1);
INSERT INTO `books` VALUES (1028, '苍穹之上', '石三', '仙侠', '苍穹之下的千年苦修，只为有朝一日立身于苍穹之上！位于洪武天朝和妖族七杀部咽喉要地的天断峡谷中，忽有天降神异之物，裹挟着一众修兵，滚入了浩荡的历史洪流当中……宋征只是其中不那么起眼的', '第二出版社', 1);
INSERT INTO `books` VALUES (1029, '无疆', '小刀锋利', '仙侠', '鹰击长空，鱼跃龙门，熊咆虎啸，万物皆有灵。末法之极，磁极轮转，世界变迁。曾经那个熟悉的世界，已经变得面目全非。当神话变成现实，当传说不再神秘，世界无疆，热血永恒。', '第二出版社', 1);
INSERT INTO `books` VALUES (1030, '圣墟', '辰东', '玄幻', '在破败中崛起，在寂灭中复苏。沧海成尘，雷电枯竭，那一缕幽雾又一次临近大地，世间的枷锁被打开了，一个全新的世界就此揭开神秘的一角……', '第二出版社', 1);
INSERT INTO `books` VALUES (1031, '还看今朝', '瑞根', '都市', '当扑面而来的时代巨澜把懵懵懂懂的沙正阳卷入其中时，他是随波逐流，风花雪月，还是长缨在手，逆流击波？干想干的事，为恣意人生。做该做的事，为家国情怀。一万年太久，只争朝夕！到中流击水，', '第二出版社', 1);
INSERT INTO `books` VALUES (1032, '凡人修仙之仙界篇', '忘语', '仙侠', '凡人修仙，风云再起时空穿梭，轮回逆转金仙太乙，大罗道祖三千大道，法则至尊《凡人修仙传》仙界篇，一个韩立叱咤仙界的故事，一个凡人小子修仙的不灭传说。特说明下，没有看过前传的书友，并不', '第二出版社', 1);
INSERT INTO `books` VALUES (1033, '大王饶命', '会说话的肘子', '都市', '灵气复苏的时代，寂静生活碎掉了，仿佛雷霆贯穿长空，电光直射天心，雨沙沙地落下。凡逆我们的终将死去，这就是法则。……这是一个吕树依靠毒鸡汤成为大魔王的故事。', '第二出版社', 1);
INSERT INTO `books` VALUES (1034, '汉乡', '孑与2', '历史', '我们接受了祖先的遗产，这让中华辉煌了数千年，我们是如此的心安理得，从未想过要回归那个在刀耕火种中苦苦寻找出路的时代。反哺我们苦难的祖先，并从中找到故乡的真正意义，将是本书要讲的故事', '第二出版社', 1);
INSERT INTO `books` VALUES (1035, '修真聊天群', '圣骑士的传说', '都市', '某天，宋书航意外加入了一个仙侠中二病资深患者的交流群，里面的群友们都以‘道友’相称，群名片都是各种府主、洞主、真人、天师。连群主走失的宠物犬都称为大妖犬离家出走。整天聊的是炼丹、闯', '第二出版社', 1);
INSERT INTO `books` VALUES (1036, '别玩网游', '尝谕', '都市', '新书请到这里。大家先收藏，新书发布时间待定。', '第二出版社', 1);
INSERT INTO `books` VALUES (1037, '深夜书屋', '纯洁滴小龙', '灵异', '一家只在深夜开门的书屋，欢迎您的光临。——————', '第二出版社', 1);
INSERT INTO `books` VALUES (1038, '道君', '跃千愁', '仙侠', '一个地球神级盗墓宗师，闯入修真界的故事……桃花源里，有歌声。山外青山，白骨山。五花马，千金裘，倚天剑。应我多情，啾啾鬼鸣，美人薄嗔。天地无垠，谁家旗鼓，碧落黄泉，万古高楼。为义气争', '第二出版社', 1);
INSERT INTO `books` VALUES (1039, '牧神记', '宅猪', '玄幻', '大墟的祖训说，天黑，别出门。大墟残老村的老弱病残们从江边捡到了一个婴儿，取名秦牧，含辛茹苦将他养大。这一天夜幕降临，黑暗笼罩大墟，秦牧走出了家门……做个春风中荡漾的反派吧！瞎子对他', '第二出版社', 1);
INSERT INTO `books` VALUES (1040, '儒道至圣', '永恒之火', '玄幻', '这是一个读书人掌握天地之力的世界。才气在身，诗可杀敌，词能灭军，文章安天下。秀才提笔，纸上谈兵；举人杀敌，出口成章；进士一怒，唇枪舌剑。圣人驾临，口诛笔伐，可诛人，可判天子无道，以', '第三出版社', 1);
INSERT INTO `books` VALUES (1041, '飞剑问道', '我吃西红柿', '仙侠', '在这个世界，有狐仙、河神、水怪、大妖，也有求长生的修行者。修行者们，开法眼，可看妖魔鬼怪。炼一口飞剑，可千里杀敌。千里眼、顺风耳，更可探查四方。……秦府二公子‘秦云’，便是一位修行', '第三出版社', 1);
INSERT INTO `books` VALUES (1042, '我是仙凡', '百里玺', '仙侠', '仙侠和种田结合。一名少年无意打开灵台，识海发现方寸灵山。从此种仙稻，养灵药，开洞府，开辟一片桃源仙境，踏上修仙之路。-------------------百里玺官方粉丝群：3328', '第三出版社', 1);
INSERT INTO `books` VALUES (1043, '斗战狂潮', '骷髅精灵', '仙侠', '双月当空，无限可能的英魂世界孤寂黑暗，神秘古怪的嬉命小丑百城联邦，三大帝国，异族横行，魂兽霸幽这是一个英雄辈出的年代，人类卧薪尝胆重掌地球主权，孕育着进军高纬度的野望！重点是……二', '第三出版社', 1);
INSERT INTO `books` VALUES (1044, '龙皇武神', '步征', '都市', '都市修仙至尊爽文！渡劫期大修士凌云魂穿都市，仙武同修，丹药、炼器，画符，布阵无所不能，以无敌之姿逆天崛起，脚踩八方！', '第三出版社', 1);
INSERT INTO `books` VALUES (1045, '太初', '高楼大厦', '玄幻', '一树生的万朵花，天下道门是一家。法术千般变化，人心却亘古不变', '第三出版社', 1);
INSERT INTO `books` VALUES (1046, '伏天氏', '净无痕', '玄幻', '东方神州，有人皇立道统，有圣贤宗门传道，有诸侯雄踞一方王国，诸强林立，神州动乱千万载，值此之时，一代天骄叶青帝及东凰大帝横空出世，斩人皇，驭圣贤，诸侯臣服，东方神州一统！然，叶青帝', '第三出版社', 1);
INSERT INTO `books` VALUES (1047, '万界天尊', '血红', '玄幻', '天为何物？高高在上，威严莫测，是法则，是戒律，是无情，是冷酷。天意，何也？俯瞰众生，操持风云，褫夺赏罚，随性而为。故，天意不可测，苍天不可近。顺之应之，未必得其利；逆之叛之，福祸却', '第三出版社', 1);
INSERT INTO `books` VALUES (1048, '苍穹之上', '石三', '仙侠', '苍穹之下的千年苦修，只为有朝一日立身于苍穹之上！位于洪武天朝和妖族七杀部咽喉要地的天断峡谷中，忽有天降神异之物，裹挟着一众修兵，滚入了浩荡的历史洪流当中……宋征只是其中不那么起眼的', '第三出版社', 1);
INSERT INTO `books` VALUES (1049, '无疆', '小刀锋利', '仙侠', '鹰击长空，鱼跃龙门，熊咆虎啸，万物皆有灵。末法之极，磁极轮转，世界变迁。曾经那个熟悉的世界，已经变得面目全非。当神话变成现实，当传说不再神秘，世界无疆，热血永恒。', '第三出版社', 1);
INSERT INTO `books` VALUES (1050, '圣墟', '辰东', '玄幻', '在破败中崛起，在寂灭中复苏。沧海成尘，雷电枯竭，那一缕幽雾又一次临近大地，世间的枷锁被打开了，一个全新的世界就此揭开神秘的一角……', '第三出版社', 1);
INSERT INTO `books` VALUES (1051, '还看今朝', '瑞根', '都市', '当扑面而来的时代巨澜把懵懵懂懂的沙正阳卷入其中时，他是随波逐流，风花雪月，还是长缨在手，逆流击波？干想干的事，为恣意人生。做该做的事，为家国情怀。一万年太久，只争朝夕！到中流击水，', '第三出版社', 1);
INSERT INTO `books` VALUES (1052, '凡人修仙之仙界篇', '忘语', '仙侠', '凡人修仙，风云再起时空穿梭，轮回逆转金仙太乙，大罗道祖三千大道，法则至尊《凡人修仙传》仙界篇，一个韩立叱咤仙界的故事，一个凡人小子修仙的不灭传说。特说明下，没有看过前传的书友，并不', '第三出版社', 1);
INSERT INTO `books` VALUES (1053, '大王饶命', '会说话的肘子', '都市', '灵气复苏的时代，寂静生活碎掉了，仿佛雷霆贯穿长空，电光直射天心，雨沙沙地落下。凡逆我们的终将死去，这就是法则。……这是一个吕树依靠毒鸡汤成为大魔王的故事。', '第三出版社', 1);
INSERT INTO `books` VALUES (1054, '汉乡', '孑与2', '历史', '我们接受了祖先的遗产，这让中华辉煌了数千年，我们是如此的心安理得，从未想过要回归那个在刀耕火种中苦苦寻找出路的时代。反哺我们苦难的祖先，并从中找到故乡的真正意义，将是本书要讲的故事', '第三出版社', 1);
INSERT INTO `books` VALUES (1055, '修真聊天群', '圣骑士的传说', '都市', '某天，宋书航意外加入了一个仙侠中二病资深患者的交流群，里面的群友们都以‘道友’相称，群名片都是各种府主、洞主、真人、天师。连群主走失的宠物犬都称为大妖犬离家出走。整天聊的是炼丹、闯', '第三出版社', 1);
INSERT INTO `books` VALUES (1056, '别玩网游', '尝谕', '都市', '新书请到这里。大家先收藏，新书发布时间待定。', '第三出版社', 1);
INSERT INTO `books` VALUES (1057, '深夜书屋', '纯洁滴小龙', '灵异', '一家只在深夜开门的书屋，欢迎您的光临。——————', '第三出版社', 1);
INSERT INTO `books` VALUES (1058, '道君', '跃千愁', '仙侠', '一个地球神级盗墓宗师，闯入修真界的故事……桃花源里，有歌声。山外青山，白骨山。五花马，千金裘，倚天剑。应我多情，啾啾鬼鸣，美人薄嗔。天地无垠，谁家旗鼓，碧落黄泉，万古高楼。为义气争', '第三出版社', 1);
INSERT INTO `books` VALUES (1059, '牧神记', '宅猪', '玄幻', '大墟的祖训说，天黑，别出门。大墟残老村的老弱病残们从江边捡到了一个婴儿，取名秦牧，含辛茹苦将他养大。这一天夜幕降临，黑暗笼罩大墟，秦牧走出了家门……做个春风中荡漾的反派吧！瞎子对他', '第三出版社', 1);
INSERT INTO `books` VALUES (1060, '儒道至圣', '永恒之火', '玄幻', '这是一个读书人掌握天地之力的世界。才气在身，诗可杀敌，词能灭军，文章安天下。秀才提笔，纸上谈兵；举人杀敌，出口成章；进士一怒，唇枪舌剑。圣人驾临，口诛笔伐，可诛人，可判天子无道，以', '第四出版社', 1);
INSERT INTO `books` VALUES (1061, '飞剑问道', '我吃西红柿', '仙侠', '在这个世界，有狐仙、河神、水怪、大妖，也有求长生的修行者。修行者们，开法眼，可看妖魔鬼怪。炼一口飞剑，可千里杀敌。千里眼、顺风耳，更可探查四方。……秦府二公子‘秦云’，便是一位修行', '第四出版社', 1);
INSERT INTO `books` VALUES (1062, '我是仙凡', '百里玺', '仙侠', '仙侠和种田结合。一名少年无意打开灵台，识海发现方寸灵山。从此种仙稻，养灵药，开洞府，开辟一片桃源仙境，踏上修仙之路。-------------------百里玺官方粉丝群：3328', '第四出版社', 1);
INSERT INTO `books` VALUES (1063, '斗战狂潮', '骷髅精灵', '仙侠', '双月当空，无限可能的英魂世界孤寂黑暗，神秘古怪的嬉命小丑百城联邦，三大帝国，异族横行，魂兽霸幽这是一个英雄辈出的年代，人类卧薪尝胆重掌地球主权，孕育着进军高纬度的野望！重点是……二', '第四出版社', 1);
INSERT INTO `books` VALUES (1064, '龙皇武神', '步征', '都市', '都市修仙至尊爽文！渡劫期大修士凌云魂穿都市，仙武同修，丹药、炼器，画符，布阵无所不能，以无敌之姿逆天崛起，脚踩八方！', '第四出版社', 1);
INSERT INTO `books` VALUES (1065, '太初', '高楼大厦', '玄幻', '一树生的万朵花，天下道门是一家。法术千般变化，人心却亘古不变', '第四出版社', 1);
INSERT INTO `books` VALUES (1066, '伏天氏', '净无痕', '玄幻', '东方神州，有人皇立道统，有圣贤宗门传道，有诸侯雄踞一方王国，诸强林立，神州动乱千万载，值此之时，一代天骄叶青帝及东凰大帝横空出世，斩人皇，驭圣贤，诸侯臣服，东方神州一统！然，叶青帝', '第四出版社', 1);
INSERT INTO `books` VALUES (1067, '万界天尊', '血红', '玄幻', '天为何物？高高在上，威严莫测，是法则，是戒律，是无情，是冷酷。天意，何也？俯瞰众生，操持风云，褫夺赏罚，随性而为。故，天意不可测，苍天不可近。顺之应之，未必得其利；逆之叛之，福祸却', '第四出版社', 1);
INSERT INTO `books` VALUES (1068, '苍穹之上', '石三', '仙侠', '苍穹之下的千年苦修，只为有朝一日立身于苍穹之上！位于洪武天朝和妖族七杀部咽喉要地的天断峡谷中，忽有天降神异之物，裹挟着一众修兵，滚入了浩荡的历史洪流当中……宋征只是其中不那么起眼的', '第四出版社', 1);
INSERT INTO `books` VALUES (1069, '无疆', '小刀锋利', '仙侠', '鹰击长空，鱼跃龙门，熊咆虎啸，万物皆有灵。末法之极，磁极轮转，世界变迁。曾经那个熟悉的世界，已经变得面目全非。当神话变成现实，当传说不再神秘，世界无疆，热血永恒。', '第四出版社', 1);
INSERT INTO `books` VALUES (1070, '圣墟', '辰东', '玄幻', '在破败中崛起，在寂灭中复苏。沧海成尘，雷电枯竭，那一缕幽雾又一次临近大地，世间的枷锁被打开了，一个全新的世界就此揭开神秘的一角……', '第四出版社', 1);
INSERT INTO `books` VALUES (1071, '还看今朝', '瑞根', '都市', '当扑面而来的时代巨澜把懵懵懂懂的沙正阳卷入其中时，他是随波逐流，风花雪月，还是长缨在手，逆流击波？干想干的事，为恣意人生。做该做的事，为家国情怀。一万年太久，只争朝夕！到中流击水，', '第四出版社', 1);
INSERT INTO `books` VALUES (1072, '凡人修仙之仙界篇', '忘语', '仙侠', '凡人修仙，风云再起时空穿梭，轮回逆转金仙太乙，大罗道祖三千大道，法则至尊《凡人修仙传》仙界篇，一个韩立叱咤仙界的故事，一个凡人小子修仙的不灭传说。特说明下，没有看过前传的书友，并不', '第四出版社', 1);
INSERT INTO `books` VALUES (1073, '大王饶命', '会说话的肘子', '都市', '灵气复苏的时代，寂静生活碎掉了，仿佛雷霆贯穿长空，电光直射天心，雨沙沙地落下。凡逆我们的终将死去，这就是法则。……这是一个吕树依靠毒鸡汤成为大魔王的故事。', '第四出版社', 1);
INSERT INTO `books` VALUES (1074, '汉乡', '孑与2', '历史', '我们接受了祖先的遗产，这让中华辉煌了数千年，我们是如此的心安理得，从未想过要回归那个在刀耕火种中苦苦寻找出路的时代。反哺我们苦难的祖先，并从中找到故乡的真正意义，将是本书要讲的故事', '第四出版社', 1);
INSERT INTO `books` VALUES (1075, '修真聊天群', '圣骑士的传说', '都市', '某天，宋书航意外加入了一个仙侠中二病资深患者的交流群，里面的群友们都以‘道友’相称，群名片都是各种府主、洞主、真人、天师。连群主走失的宠物犬都称为大妖犬离家出走。整天聊的是炼丹、闯', '第四出版社', 1);
INSERT INTO `books` VALUES (1076, '别玩网游', '尝谕', '都市', '新书请到这里。大家先收藏，新书发布时间待定。', '第四出版社', 1);
INSERT INTO `books` VALUES (1077, '深夜书屋', '纯洁滴小龙', '灵异', '一家只在深夜开门的书屋，欢迎您的光临。——————', '第四出版社', 1);
INSERT INTO `books` VALUES (1078, '道君', '跃千愁', '仙侠', '一个地球神级盗墓宗师，闯入修真界的故事……桃花源里，有歌声。山外青山，白骨山。五花马，千金裘，倚天剑。应我多情，啾啾鬼鸣，美人薄嗔。天地无垠，谁家旗鼓，碧落黄泉，万古高楼。为义气争', '第四出版社', 1);
INSERT INTO `books` VALUES (1079, '牧神记', '宅猪', '玄幻', '大墟的祖训说，天黑，别出门。大墟残老村的老弱病残们从江边捡到了一个婴儿，取名秦牧，含辛茹苦将他养大。这一天夜幕降临，黑暗笼罩大墟，秦牧走出了家门……做个春风中荡漾的反派吧！瞎子对他', '第四出版社', 1);
INSERT INTO `books` VALUES (1080, '儒道至圣', '永恒之火', '玄幻', '这是一个读书人掌握天地之力的世界。才气在身，诗可杀敌，词能灭军，文章安天下。秀才提笔，纸上谈兵；举人杀敌，出口成章；进士一怒，唇枪舌剑。圣人驾临，口诛笔伐，可诛人，可判天子无道，以', '第五出版社', 1);
INSERT INTO `books` VALUES (1081, '飞剑问道', '我吃西红柿', '仙侠', '在这个世界，有狐仙、河神、水怪、大妖，也有求长生的修行者。修行者们，开法眼，可看妖魔鬼怪。炼一口飞剑，可千里杀敌。千里眼、顺风耳，更可探查四方。……秦府二公子‘秦云’，便是一位修行', '第五出版社', 1);
INSERT INTO `books` VALUES (1082, '我是仙凡', '百里玺', '仙侠', '仙侠和种田结合。一名少年无意打开灵台，识海发现方寸灵山。从此种仙稻，养灵药，开洞府，开辟一片桃源仙境，踏上修仙之路。-------------------百里玺官方粉丝群：3328', '第五出版社', 1);
INSERT INTO `books` VALUES (1083, '斗战狂潮', '骷髅精灵', '仙侠', '双月当空，无限可能的英魂世界孤寂黑暗，神秘古怪的嬉命小丑百城联邦，三大帝国，异族横行，魂兽霸幽这是一个英雄辈出的年代，人类卧薪尝胆重掌地球主权，孕育着进军高纬度的野望！重点是……二', '第五出版社', 1);
INSERT INTO `books` VALUES (1084, '龙皇武神', '步征', '都市', '都市修仙至尊爽文！渡劫期大修士凌云魂穿都市，仙武同修，丹药、炼器，画符，布阵无所不能，以无敌之姿逆天崛起，脚踩八方！', '第五出版社', 1);
INSERT INTO `books` VALUES (1085, '太初', '高楼大厦', '玄幻', '一树生的万朵花，天下道门是一家。法术千般变化，人心却亘古不变', '第五出版社', 1);
INSERT INTO `books` VALUES (1086, '伏天氏', '净无痕', '玄幻', '东方神州，有人皇立道统，有圣贤宗门传道，有诸侯雄踞一方王国，诸强林立，神州动乱千万载，值此之时，一代天骄叶青帝及东凰大帝横空出世，斩人皇，驭圣贤，诸侯臣服，东方神州一统！然，叶青帝', '第五出版社', 1);
INSERT INTO `books` VALUES (1087, '万界天尊', '血红', '玄幻', '天为何物？高高在上，威严莫测，是法则，是戒律，是无情，是冷酷。天意，何也？俯瞰众生，操持风云，褫夺赏罚，随性而为。故，天意不可测，苍天不可近。顺之应之，未必得其利；逆之叛之，福祸却', '第五出版社', 1);
INSERT INTO `books` VALUES (1088, '苍穹之上', '石三', '仙侠', '苍穹之下的千年苦修，只为有朝一日立身于苍穹之上！位于洪武天朝和妖族七杀部咽喉要地的天断峡谷中，忽有天降神异之物，裹挟着一众修兵，滚入了浩荡的历史洪流当中……宋征只是其中不那么起眼的', '第五出版社', 1);
INSERT INTO `books` VALUES (1089, '无疆', '小刀锋利', '仙侠', '鹰击长空，鱼跃龙门，熊咆虎啸，万物皆有灵。末法之极，磁极轮转，世界变迁。曾经那个熟悉的世界，已经变得面目全非。当神话变成现实，当传说不再神秘，世界无疆，热血永恒。', '第五出版社', 1);
INSERT INTO `books` VALUES (1090, '圣墟', '辰东', '玄幻', '在破败中崛起，在寂灭中复苏。沧海成尘，雷电枯竭，那一缕幽雾又一次临近大地，世间的枷锁被打开了，一个全新的世界就此揭开神秘的一角……', '第五出版社', 1);
INSERT INTO `books` VALUES (1091, '还看今朝', '瑞根', '都市', '当扑面而来的时代巨澜把懵懵懂懂的沙正阳卷入其中时，他是随波逐流，风花雪月，还是长缨在手，逆流击波？干想干的事，为恣意人生。做该做的事，为家国情怀。一万年太久，只争朝夕！到中流击水，', '第五出版社', 1);
INSERT INTO `books` VALUES (1092, '凡人修仙之仙界篇', '忘语', '仙侠', '凡人修仙，风云再起时空穿梭，轮回逆转金仙太乙，大罗道祖三千大道，法则至尊《凡人修仙传》仙界篇，一个韩立叱咤仙界的故事，一个凡人小子修仙的不灭传说。特说明下，没有看过前传的书友，并不', '第五出版社', 1);
INSERT INTO `books` VALUES (1093, '大王饶命', '会说话的肘子', '都市', '灵气复苏的时代，寂静生活碎掉了，仿佛雷霆贯穿长空，电光直射天心，雨沙沙地落下。凡逆我们的终将死去，这就是法则。……这是一个吕树依靠毒鸡汤成为大魔王的故事。', '第五出版社', 1);
INSERT INTO `books` VALUES (1094, '汉乡', '孑与2', '历史', '我们接受了祖先的遗产，这让中华辉煌了数千年，我们是如此的心安理得，从未想过要回归那个在刀耕火种中苦苦寻找出路的时代。反哺我们苦难的祖先，并从中找到故乡的真正意义，将是本书要讲的故事', '第五出版社', 1);
INSERT INTO `books` VALUES (1095, '修真聊天群', '圣骑士的传说', '都市', '某天，宋书航意外加入了一个仙侠中二病资深患者的交流群，里面的群友们都以‘道友’相称，群名片都是各种府主、洞主、真人、天师。连群主走失的宠物犬都称为大妖犬离家出走。整天聊的是炼丹、闯', '第五出版社', 1);
INSERT INTO `books` VALUES (1096, '别玩网游', '尝谕', '都市', '新书请到这里。大家先收藏，新书发布时间待定。', '第五出版社', 1);
INSERT INTO `books` VALUES (1097, '深夜书屋', '纯洁滴小龙', '灵异', '一家只在深夜开门的书屋，欢迎您的光临。——————', '第五出版社', 1);
INSERT INTO `books` VALUES (1098, '道君', '跃千愁', '仙侠', '一个地球神级盗墓宗师，闯入修真界的故事……桃花源里，有歌声。山外青山，白骨山。五花马，千金裘，倚天剑。应我多情，啾啾鬼鸣，美人薄嗔。天地无垠，谁家旗鼓，碧落黄泉，万古高楼。为义气争', '第五出版社', 1);
INSERT INTO `books` VALUES (1099, '牧神记', '宅猪', '玄幻', '大墟的祖训说，天黑，别出门。大墟残老村的老弱病残们从江边捡到了一个婴儿，取名秦牧，含辛茹苦将他养大。这一天夜幕降临，黑暗笼罩大墟，秦牧走出了家门……做个春风中荡漾的反派吧！瞎子对他', '第五出版社', 1);
INSERT INTO `books` VALUES (1100, '儒道至圣', '永恒之火', '玄幻', '这是一个读书人掌握天地之力的世界。才气在身，诗可杀敌，词能灭军，文章安天下。秀才提笔，纸上谈兵；举人杀敌，出口成章；进士一怒，唇枪舌剑。圣人驾临，口诛笔伐，可诛人，可判天子无道，以', '第五出版社', 1);

-- ----------------------------
-- Table structure for userbooks
-- ----------------------------
DROP TABLE IF EXISTS `userbooks`;
CREATE TABLE `userbooks`  (
  `recId` int(11) NOT NULL AUTO_INCREMENT,
  `userId` int(8) NULL DEFAULT NULL,
  `bookId` int(8) NULL DEFAULT NULL,
  `lendtime` datetime(0) NULL DEFAULT NULL,
  `returntime` datetime(0) NULL DEFAULT NULL,
  PRIMARY KEY (`recId`) USING BTREE
) ENGINE = InnoDB AUTO_INCREMENT = 5 CHARACTER SET = utf8mb4 COLLATE = utf8mb4_0900_ai_ci ROW_FORMAT = Dynamic;

-- ----------------------------
-- Records of userbooks
-- ----------------------------
INSERT INTO `userbooks` VALUES (1, 1, 1001, '2019-03-05 01:53:56', NULL);
INSERT INTO `userbooks` VALUES (2, 1, 1004, '2021-06-03 15:10:14', NULL);
INSERT INTO `userbooks` VALUES (3, 2, 1003, '2021-05-12 15:10:20', NULL);
INSERT INTO `userbooks` VALUES (4, 3, 1002, '2021-06-20 16:57:24', '2021-06-20 22:04:00');
INSERT INTO `userbooks` VALUES (5, 3, 1002, '2021-06-20 22:10:55', '2021-06-20 22:11:16');

-- ----------------------------
-- Table structure for users
-- ----------------------------
DROP TABLE IF EXISTS `users`;
CREATE TABLE `users`  (
  `id` int(8) NULL DEFAULT NULL,
  `username` char(16) CHARACTER SET utf8mb4 COLLATE utf8mb4_0900_ai_ci NULL DEFAULT NULL,
  `password` char(16) CHARACTER SET utf8mb4 COLLATE utf8mb4_0900_ai_ci NULL DEFAULT NULL,
  `privilege` int(8) NULL DEFAULT NULL
) ENGINE = InnoDB CHARACTER SET = utf8mb4 COLLATE = utf8mb4_0900_ai_ci ROW_FORMAT = Dynamic;

-- ----------------------------
-- Records of users
-- ----------------------------
INSERT INTO `users` VALUES (0, 'root', 'root', 0);
INSERT INTO `users` VALUES (1, 'xhq1', 'xhq1', 1);
INSERT INTO `users` VALUES (2, 'xhq2', 'xhq2', 1);
INSERT INTO `users` VALUES (3, 'xhq3', 'xhq3', 1);

SET FOREIGN_KEY_CHECKS = 1;
